tempo,avg_pitch,pitch_std,pitch_range,avg_duration,avg_velocity,note_density,artist_norm,song_norm
111.72516621275186,54.80769230769231,10.816294607975198,48,0.6186030122956223,97.3047711781889,17.94349039926714,elton_john,candle_in_the_wind
125.0,61.08017849431409,13.971265111784291,60,0.21774147113862102,85.50295091406362,38.04490690032859,gerry_rafferty,baker_street
132.000132000132,56.49289428076256,14.940773940414314,56,0.46389061325823233,93.15615251299826,21.025279824451665,gerry_rafferty,right_down_the_line
130.00013000013,54.38862050456253,13.901907690750022,60,0.10066931177536229,75.14804079441761,42.30489612266507,2_unlimited,tribal_dance
140.00014000014,55.575815738963534,16.76256958148866,57,0.1169468755998081,77.97644390158786,25.69134813771381,2_unlimited,let_the_beat_control_your_body
125.0,56.09981546720349,16.649675669647042,72,0.18588648437063135,99.1620533467539,40.80640744797371,2_unlimited,get_ready_for_this
94.88964609285445,65.46600702202362,16.484152984980817,56,0.2130010035854876,111.41749122247047,18.76713798208204,2_unlimited,twilight_zone
80.0,56.94538541306602,13.486911258087753,64,0.6752154986173522,80.72554441755963,17.69418960244648,cat_stevens,wild_world
120.0,48.264896573016365,11.038660607833183,57,0.3919432437995284,88.10280950910774,19.279761904761905,cat_stevens,moonshadow
130.00013000013,51.84227941176471,12.878637947877769,46,0.22299468650735285,75.16985294117647,24.317471535682117,cat_stevens,another_saturday_night
130.00013000013,56.5596113118226,9.770126221644016,50,0.4054485121465055,77.40463435903824,32.86907767575537,cat_stevens,peace_train
75.0,57.74419706300331,13.204722365839139,62,0.6279362071687979,89.95736617716722,12.773295683743443,cat_stevens,father_and_son
160.0,57.94548413344182,10.551487442794212,44,1.1266781936533767,64.0,4.312280701754386,adele,hello
100.0,60.60569040347211,16.03339906691402,66,0.35261613888442345,65.40250763542839,22.644050522331014,adele,hometown_glory
64.3636775454877,61.973697782362045,10.54056381814483,62,0.6029319619004644,83.68024755028365,6.668348333334554,adele,someone_like_you
99.99999999999999,46.65182097411145,9.111787348776241,50,0.14891125493637575,93.45765686704695,22.841393134552742,everclear,everything_to_everyone
88.23529411764706,59.11678366305041,17.844424972799406,64,0.3652968118485428,75.94240587109125,27.03122304640331,everclear,i_will_buy_you_a_new_life
99.99999999999999,61.10769676764748,12.001322469656214,59,0.2648680968256269,94.08798376576316,35.51608751608752,everclear,santa_monica
97.9999836666694,58.4905850367536,14.330976501753147,61,0.18944392916121236,80.0,43.650782104130506,everclear,father_of_mine
139.0002177670078,50.881833409471604,14.13414545422877,74,0.1980255997760266,102.79488350845135,40.54250189100335,the_crystals,da_doo_ron_ron
87.00002175000543,56.87155172413793,10.595685844327983,73,0.16558800689206168,96.27586206896552,32.34616193269433,blur,country_house
77.99997660000703,53.24064711830131,10.343676037047837,57,0.33815478464658866,78.54932832587029,24.99971472230781,blur,tender
132.000132000132,53.159423712801136,14.335686277181017,57,0.20165580992412618,106.09329239489844,35.6135925055436,blur,song_2
85.49999162754486,52.96254432624114,13.926515843038558,53,0.23133996838407753,106.18439716312056,21.7994014687793,blur,charmless_man
135.000135000135,50.12052845528455,14.629166258259284,65,0.22996664747967469,101.60365853658537,25.33231618454449,george_benson,on_broadway
105.000105000105,47.503659347970725,16.177513763497263,74,0.19983293812375247,108.86072299844754,19.13693878588608,george_benson,turn_your_love_around
90.99995298335763,53.22579332790887,11.064756588635323,53,0.3483840174789801,64.03254678600489,20.438403182848415,george_benson,this_masquerade
112.00026880064512,56.4510025416549,15.270050951754648,71,0.21234618419937862,98.89960463146004,24.284298619094336,george_benson,give_me_the_night
135.000135000135,60.3775082359988,14.32627598325973,62,0.23320713371331242,119.95941898772088,42.14915457519008,a,a
126.00012600012602,52.96597123759368,15.168971207568203,79,0.43975074260684616,116.77861049220174,24.327830350513185,abc,poison_arrow
120.99994353335967,56.969480635373905,16.197270088074205,70,0.20734179534773045,77.74317330001784,26.92090788085112,abc,the_look_of_love
101.00006901671382,58.55853423336548,16.765847206957773,69,0.1712717353182254,93.4582449373192,18.292767844476078,brandy,best_friend
88.00002346667293,46.57117117117117,11.780571785840067,59,0.3640662419819819,81.39594594594594,7.536748277304652,brandy,i_wanna_be_down
92.82609528769171,58.12696670325649,16.73847256824182,57,0.18143929163871608,70.25039638980364,32.78714491347606,brandy,the_boy_is_mine
107.9999136000691,54.85742705570292,12.043707614962498,50,0.14219697739832016,83.0844827586207,30.399796488763993,average_white_band,cut_the_cake
107.9999136000691,56.81010549694614,10.561841789563026,56,0.14109167465991118,81.05607995558023,38.639784339842464,average_white_band,pick_up_the_pieces
138.00019320027047,53.404580152671755,14.223598487971397,50,0.19406199049656872,91.5558639833449,19.890800540294045,the_fixx,one_thing_leads_to_another
170.0000850000425,53.62461326916466,10.683371993760858,50,0.2819407928454795,83.2793056033001,41.6201184367214,dave_dudley,six_days_on_the_road
109.99990833340973,53.37197604790419,16.890739561119933,80,0.22351325104041925,107.15113772455089,21.561014896337355,5ive,if_ya_gettin_down
103.0000480666891,51.71461474036851,12.148336561716347,66,0.1468872808207707,56.4428391959799,21.776371384086197,5ive,slam_dunk_da_funk
78.6666712777827,56.03241091736164,11.873012843855532,56,0.6259687968394618,94.3718726307809,22.199885317458435,5ive,until_the_time_is_through
113.99995440001827,54.501177982437355,14.815212492846745,67,0.234216162343828,80.0663953737417,35.10988041515074,elmore_james,dust_my_broom
207.00005175001294,60.367696702155285,16.251155734381744,60,0.14149891025328934,73.9330044144378,39.54397962618217,the_bangles,walk_like_an_egyptian
132.000132000132,53.91000807102502,15.193119643561253,50,0.45864547404661066,89.58958837772397,16.93099942913925,the_bangles,hazy_shade_of_winter
116.00008506672903,61.02373417721519,13.764816182460743,50,0.5682504750193664,110.20886075949367,14.94686834054046,the_bangles,manic_monday
68.75309601717208,64.11893687707641,10.281671280403524,48,0.4551576593023256,70.05581395348837,6.607877804787826,agnes_obel,familiar
206.0000961333782,59.906612133606,8.549555048169445,40,0.318756014343331,78.58997955010224,24.214915146447584,david_seville,witch_doctor
123.49998970833421,50.40586918676946,12.689445995139597,60,0.2641486667288396,95.7125093260383,15.633845190064596,def_leppard,photograph
125.0,50.9154276578737,13.978333475474148,65,0.25127034372502,112.50167865707434,31.979181578355384,billy_ray_cyrus,achy_breaky_heart
80.0,50.057962858750706,13.214115460279872,49,0.5219646876758582,95.55655599324704,11.61437908496732,diana_ross,theme_from_mahogany
107.9999136000691,55.242138364779876,13.39770153911775,66,0.18650627485451463,101.27000650618088,36.248585713837855,diana_ross,upside_down
89.9999550000225,56.92897513187641,11.770124772326168,64,0.5015880009404047,86.8302562170309,30.623061611546113,diana_ross,touch_me_in_the_morning
52.97801978791678,65.92480211081794,14.217622279136041,63,1.2961008624120505,76.39973614775725,4.160083359904034,christina_aguilera,reflection
90.00009000009,58.21415068863084,20.99759626755811,69,0.31065808943761813,110.0,17.531316847466243,christina_aguilera,genie_in_a_bottle
117.00003700003701,54.32389297449539,18.496141941223105,67,0.2971139758058134,105.86261930840244,31.829724570037246,christina_aguilera,come_on_over
69.00001725000432,50.88272333726879,12.010048455103826,46,0.6801069428866587,110.0,11.425809308065231,christina_aguilera,i_turn_to_you
144.3479669873792,62.007738327480816,15.279257871510373,75,0.18687782262918867,72.22597216803226,50.76480063535743,geri_halliwell,look_at_me
104.99992125005905,59.791155821020645,13.351285097068121,64,0.13488381048849069,86.93628837891649,51.95720842811268,geri_halliwell,mi_chico_latino
140.00014000014,55.729673554224235,10.925389735677095,60,0.17798230765145495,91.58271182296124,32.80977493011877,curtis_mayfield,move_on_up
102.09206585892744,58.766960521272516,14.247999355190244,72,0.33048509526618597,92.511690302798,17.7505991713549,bruce_hornsby,the_way_it_is
82.00000693333426,54.15265017667844,16.475109417378942,67,0.5535421340388202,78.6416961130742,16.558399826198045,culture_club,do_you_really_want_to_hurt_me
199.99999999999997,59.21459726664728,18.02314775400907,53,0.1563120183919744,88.50072695551032,28.45051123951345,culture_club,karma_chameleon
130.00013000013,57.47347404449515,18.04599482416008,86,0.2267845341379062,115.46206503137479,22.086510701249203,culture_club,church_of_the_poison_mind
94.99999208333399,47.51737835153923,12.37896499945147,60,0.1372759221698114,126.26074620513548,27.902289341475885,cypress_hill,rock_superstar
102.07039363284973,73.07526315789474,11.338992746699121,62,0.537333919725877,74.15631578947368,11.946748985887272,aladdin,a_whole_new_world
88.00002346667293,59.26567481402763,11.612183554518003,79,0.5490145925101844,82.99946865037194,21.907789728646645,glen_campbell,by_the_time_i_get_to_phoenix
82.9999502000299,56.50256937307297,14.640756147549608,72,0.6761630470131037,101.19964028776978,19.793860672703207,glen_campbell,wichita_lineman
80.0,56.137721238938056,10.857943361442183,53,0.39744509356563423,69.55660029498524,25.286713286713287,buck_owens,together_again
95.00014250021376,54.08296668761785,14.917927191296785,50,0.2509424268541799,110.0,16.868886910473226,aaliyah,try_again
132.9999468000213,49.43875567077122,17.964739997516457,59,0.17280976673147552,92.94448044934111,17.45083557695825,aaliyah,are_you_that_somebody
77.99997660000703,55.81947069943289,18.492284164831677,58,0.6004770111255514,100.01890359168242,7.694543146182512,bone_thugs_n_harmony,days_of_our_livez
144.0700756848131,50.38784225069078,15.639970720589686,64,0.3607794190739346,96.43983923637278,15.722120923827877,bone_thugs_n_harmony,look_into_my_eyes
115.0000287500072,51.13709246392303,12.738884356837138,55,0.2611991887610236,106.43933725280598,22.399172781549275,the_clash,should_i_stay_or_should_i_go
130.00013000013,60.324812967581046,14.554019230257714,53,0.25121066380922713,90.42539484621778,22.86405795177725,the_clash,rock_the_casbah
90.00009000009,52.86141861418614,15.11075903923894,48,0.5030449162976629,117.78474784747847,11.019589332842346,coolio,c_u_when_u_get_there
102.0000510000255,49.357192494788045,14.468397976223457,70,0.6313976685584125,100.55918461894835,15.031036701386245,coolio,too_hot
116.00008506672903,50.90440090577926,17.09324448193841,69,0.2187911097149748,114.56985330314069,24.638753312409516,coolio,fantastic_voyage
61.35000690187579,53.82526057633354,14.037478649123548,76,0.5389561782669973,71.73227059063969,17.940002914695924,celine_dion,because_you_loved_me
90.99995298335763,53.27309160305344,10.575412629020754,48,0.48429057820928745,74.14465648854961,23.652765557182242,celine_dion,immortality
120.0,61.93160733549083,15.06729471100841,72,0.4518855627472102,76.81272923408845,28.417422403883002,celine_dion,to_love_you_more
43.395082165346814,56.654782608695655,13.223363667836994,67,0.8921238647028987,68.37478260869565,5.899473226814441,celine_dion,the_colour_of_my_love
69.99998833333528,57.14697855750487,12.06321214942825,68,0.7450168326072123,78.44600389863548,16.811794950843165,celine_dion,tell_him
97.00105084471748,55.88157578669229,15.344679603568178,72,0.30739604727159886,80.22243574345424,32.05838044390663,celine_dion,falling_into_you
74.73684250834506,53.13204401467156,12.860029690658244,67,0.7522410397938202,97.32110703567857,10.005821880844202,celine_dion,all_by_myself
95.70003780151492,59.63153049482163,16.031177049379146,47,0.13251032182585326,100.0,13.967640720442809,black_rob,whoa
68.0000725334107,54.93348959859361,15.739379586694772,62,0.33219887093466166,95.97187225314973,18.6142060298987,another_level,freak_me
131.00007641671124,63.204723488834325,16.143206779394923,77,0.269484211929781,81.66736817490938,28.31369394382794,another_level,i_want_you_for_myself
113.50002522504994,56.75316345987173,15.94345890686413,65,0.22580804853617736,92.98197261223783,22.413510130387664,david_bowie,let's_dance
117.99990166674861,56.22582826233942,14.28160169464269,52,0.20968032967094893,100.0,28.913973817512083,fastball,the_way
80.0,52.99503437738732,14.237601463528367,72,0.4043407419786121,101.41711229946524,17.300333508864316,fastball,out_of_my_head
108.000108000108,58.258389877131854,10.964967041926645,43,0.419236613045571,110.0,23.60892318799715,bananarama,cruel_summer
128.0,53.97268128161889,15.98654704791054,69,0.16810422814783585,75.29173693086004,36.49932679361416,bananarama,venus
96.99995311668933,49.95737704918033,11.83238760347283,46,0.5143690165683057,60.0,9.113167108363186,ben_folds_five,brick
120.0,57.61154690931911,11.963648550750522,65,0.1621892758776983,86.83631419307603,35.12114486875335,donna_summer,bad_girls
127.00132928057981,56.39744334689134,15.18013374887635,67,0.42731801314037426,105.61824520627542,17.656702676924667,donna_summer,last_dance
120.0,52.45739014647137,11.996348006466791,58,0.2500510430537066,86.13022636484688,24.32716965852342,donna_summer,hot_stuff
130.00013000013,51.39861932938856,15.164023592238884,62,0.259339180806213,107.24082840236686,27.881107104341343,donna_summer,i_feel_love
132.000132000132,53.0623192216671,13.772345776889697,77,0.2179123750164344,76.34656849855378,43.84966988013338,donna_summer,on_the_radio
112.00005973336519,52.58862559241706,12.859508078928014,69,0.5121680790778043,96.78420221169036,14.192513043222052,dan_hill,sometimes_when_we_touch
187.99996240000752,51.841012174743376,18.517559325352753,67,0.2388519293447122,97.22081642396753,19.421253822284378,the_cure,close_to_me
105.99995053335641,53.240980665736494,12.96602984391597,60,0.2771643746827454,82.0723539964122,26.37905515009172,george_mccrae,rock_your_baby
143.00014300014297,48.58262495749745,10.197425056095193,46,0.34445756077864675,69.20180210812649,22.181615008619225,counting_crows,mr_jones
94.00012846684224,51.85062021641594,14.028507068397891,60,0.8440041698865135,112.33940353655318,11.459299467869927,counting_crows,round_here
141.6000906134188,47.73580670715606,9.789157987469943,62,0.22522781407611572,81.32585159757063,32.9964457504233,cyndi_lauper,i_drove_all_night
120.0,59.81130489598655,13.059174419524462,51,0.13510503125656617,58.59791973103593,41.763263440553054,cyndi_lauper,girls_just_want_to_have_fun
120.0,55.17574541284404,11.804447197628841,49,0.45900229357798167,59.70212155963303,25.27536231884058,cyndi_lauper,time_after_time
140.00014000014,52.82629107981221,20.919501362631124,60,0.277509223943662,90.31377151799687,6.218984321174101,cyndi_lauper,she_bop
94.99999208333399,64.20204081632653,16.12872026406325,74,0.383105197436611,82.53580705009277,22.44356595788605,cyndi_lauper,all_through_the_night
90.00009000009,59.5955223880597,10.785935187151788,59,0.4774870847014928,98.0228855721393,9.420351161604213,cyndi_lauper,true_colors
140.4001404001404,51.319941563184805,13.08638114639176,49,0.1578134184966216,100.43133674214755,27.281656024170996,cyndi_lauper,goonies_r_good_enough
125.0,50.57426288233673,10.33107547456055,48,0.22189859465417477,96.73697988426564,33.14609307211033,the_byrds,turn_turn_turn
175.00007291669706,47.20250165829622,14.06812307969095,69,0.15536320366562437,126.5934805268644,45.29380830544301,beastie_boys,sabotage
135.1999945920002,48.36153624025412,10.765118328785183,46,0.43968750210258484,119.08114351718163,17.734756866367302,beastie_boys,fight_for_your_right_to_party
210.00021000021,44.818430656934304,12.271768025887765,57,0.370477413093066,120.65267639902676,15.81888962220183,beastie_boys,intergalactic
49.200012486672044,56.30073313782991,13.844688344521774,73,0.45502923368310116,72.23885630498533,21.09081199937573,eric_clapton,bell_bottom_blues
72.80499136558797,54.65942634363687,16.534585058006545,62,0.6790196627158175,60.12531328320802,10.283122764508214,eric_clapton,wonderful_tonight
107.9999136000691,57.61538461538461,12.58890986663713,67,0.30478171100203844,105.83971676858707,35.79070252844272,freda_payne,band_of_gold
122.99996925000768,53.94761056693381,15.164598575138957,55,0.2831117815700133,92.82873256159098,26.65081735851923,belinda_carlisle,heaven_is_a_place_on_earth
125.0,45.69920804142553,12.22886221010249,61,0.3155528480048733,75.43024672555589,20.707054779400167,faith_no_more,epic
64.99999458333379,55.72772727272727,13.175768196275444,65,1.0172902945643938,95.915,10.639880065724281,anne_murray,you_needed_me
214.00063486855012,56.58758646475977,13.138463437113344,57,0.2539395193474636,86.26939614881286,42.58517097886438,anne_murray,snowbird
100.0,49.867344820427654,11.98255109279131,55,0.31769566119991677,95.08843678638156,23.59308419454376,bertie_higgins,key_largo
92.00012880018032,54.2578125,11.635661169002978,46,0.3977811468887328,103.2841796875,9.683166480982587,billy_joel,the_longest_time
147.0000955500621,65.062655749377,9.859839622205705,43,0.5301211913974414,93.26593093627625,8.4252860314247,billy_joel,piano_man
150.0,53.31696065128901,14.677406648722583,59,0.31476255088195376,94.75251017639077,18.57358870967742,billy_joel,only_the_good_die_young
180.99984313346928,51.946262028127315,12.810602873524521,55,0.2330713667962003,100.29844559585493,27.99236323369158,billy_joel,tell_her_about_it
50.85714068333618,52.28640059127864,12.071495557897768,57,0.4938247005458552,89.69549150036956,7.962025371318055,billy_joel,new_york_state_of_mind
126.00012600012602,59.40743155149935,12.91393775416029,51,0.25860964314088986,127.0,31.885215924807635,billy_joel,uptown_girl
85.00004750007126,57.082094833687194,13.558483241074878,66,0.25605170530785565,88.60537862703468,24.384220263873093,billy_joel,the_stranger
82.0008200082001,56.539416846652266,12.90771619834076,55,0.34795176329643634,89.21382289416847,8.930836090486357,billy_joel,scenes_from_an_italian_restaurant
140.00014000014,51.670248930803815,12.0598147300468,50,0.28947459028950534,79.284022370874,34.654685233547596,billy_joel,you_may_be_right
126.99998518333506,59.05502392344498,14.90277377362191,65,0.4410414748056219,64.0,9.056869894768692,billy_joel,allentown
89.9999550000225,56.85706874189364,13.82028664410531,65,0.2845454658063124,103.06381322957199,17.84767234368614,billy_joel,river_of_dreams
68.0000725334107,56.82026476578412,13.156498736101316,53,0.7842863699083501,101.40071283095723,11.356474698607025,billy_joel,goodnight_saigon
118.99992463338106,53.79655712050078,16.4113949699651,67,0.7574116131611894,83.38998435054773,10.809562994446095,billy_joel,just_the_way_you_are
60.0,64.22157092614303,6.474145812651187,36,0.9157935228604924,127.0,4.219617138587587,billy_joel,she's_got_a_way
102.0000510000255,55.14433269910302,15.92248448538162,67,0.7281027010396847,75.41288393585214,14.051193066448011,eels,your_lucky_day_in_hell
103.0000480666891,48.28718316594931,14.626352901226713,65,0.34050677557787346,101.96030607364897,20.48246319614331,eels,last_stop_this_town
113.99995440001824,51.696969696969695,15.666613029956855,55,0.29508101639031853,78.85906232132648,14.447600760518593,cake,frank_sinatra
91.99998773333496,46.17987804878049,13.974894431636033,75,0.26008255058434976,108.60289634146342,13.251796004406376,cake,the_distance
133.00024161710562,48.42401110340042,13.361465126372304,51,0.3185830071998612,87.49063150589868,9.061891813363241,cake,never_there
123.99999173333387,54.31802476245321,14.185367787670712,72,0.27770742495800965,107.30175640656493,27.117434121898402,andrew_gold,lonely_boy
102.49996062502953,50.92421441774491,10.919085090210617,45,0.43142097966728277,58.6536044362292,12.123782773330054,garth_brooks,friends_in_low_places
109.99990833340973,59.922032996274616,13.017109369276744,53,0.3234018612570961,87.395777896044,45.32671661370107,garth_brooks,two_pina_coladas
120.0,52.94599761051374,12.49311203734014,60,0.312448352250098,68.98924731182795,24.58450618039408,boz_scaggs,what_can_i_say
118.99993790005587,43.345518118245394,13.47281199313542,65,0.2600843528554778,121.21900826446281,13.172608599027846,boz_scaggs,lido_shuffle
113.76480534912,56.06396148555709,13.162069099732648,48,0.8117449319119668,67.76341127922971,8.843011378294834,david_gates,goodbye_girl
109.99990833340973,50.068659390780255,16.51638388526708,67,0.16136932400771023,96.91513275777814,40.20716793491031,bobby_brown,my_perogative
83.50003901668501,59.25877808988764,12.930050039058381,46,0.4375056432584268,86.61657303370787,15.687226355044457,dave_mason,we_just_disagree
112.00005973336519,60.046477132262055,13.328531645375968,52,0.36747618578904007,91.08974042027194,17.16061521293417,fine_young_cannibals,she_drives_me_crazy
56.999977200009134,56.781103286384976,13.780585946087376,65,0.30778212212441325,84.50029342723005,17.079320566887006,etta_james,at_last
69.85714945238468,58.79991732120711,15.93734061737733,60,0.3207855585469194,77.19904919388176,19.264462436802866,christopher_cross,sailing
124.000248000496,53.05105215004575,12.91832854997833,67,0.2751641709172004,87.37493138151875,24.542943739334895,christopher_cross,ride_like_the_wind
140.00014000014,51.35477544616592,10.934248846913171,45,0.37699887705616325,75.95018631104138,19.755381592935212,gene_autry,back_in_the_saddle_again
123.00022140039852,46.61795477556531,13.893009102628941,74,0.2314757295252561,83.08091461356733,32.9991341406001,chaka_khan,i_feel_for_you
104.00001386666852,52.41451327433629,13.232015411219265,62,0.23188018096146756,111.72601769911505,23.541669805555973,chaka_khan,ain't_nobody
154.99990958338608,53.21715508725716,10.117018433096714,45,0.16864593945505388,108.01350016463616,26.68564202974737,chubby_checker,the_twist
57.60200285467057,52.52009147337471,11.67895174559704,55,0.3335593481526661,71.359359686377,15.809013981683307,barenaked_ladies,the_old_apartment
154.000154000154,53.56381039197812,11.918623472570689,51,0.23939971798085685,80.30856882406563,24.065266230508396,barenaked_ladies,shoe_box
109.99990833340973,58.134878048780486,13.975880027608406,63,0.22902568974593493,89.72682926829269,46.97912751739374,barenaked_ladies,one_week
120.0,67.68295263284443,19.030099425405524,78,0.055875462012894415,38.337484972349124,98.70136320989018,bob_marley,could_you_be_loved
108.50006209173574,57.75086206896552,13.624321109457847,62,0.4899285247186297,63.43390804597701,17.16627042062543,the_carpenters,sing
125.75008280007772,57.8111927642736,13.89903304165743,57,0.5504279186275203,81.24194460146975,11.86933854378732,the_carpenters,for_all_we_know
93.49998990833447,56.87728369527749,15.064818163284832,63,0.512972434415575,84.12547397449156,16.778750649130917,the_carpenters,hurting_each_other
147.50003645834852,56.3381404174573,10.434998951608375,61,0.26176920510673624,85.72789373814042,43.847086212745516,the_carpenters,sweet_sweet_smile
191.00007640003057,54.549643339117026,13.734559599898256,53,0.2888088985540775,99.37092731829574,30.683764751206596,the_carpenters,top_of_the_world
122.99996925000768,54.27315019937971,13.633374419102271,67,0.48734459845988415,86.05449712007089,21.872044955467192,the_carpenters,only_yesterday
67.85713829285852,58.432162423461165,14.574659936865155,69,0.7210520537571169,63.03899452143087,11.091897626510491,the_carpenters,a_song_for_you
93.00004185001883,55.815817751987964,13.839887254620264,62,0.5162813203309693,86.38190414786159,18.559124847612186,the_carpenters,yesterday_once_more
76.99997818333952,57.10352504638219,13.437881775387758,68,0.7646557837198512,98.19443413729128,13.735888876657292,the_carpenters,merry_christmas_darling
85.00004500004499,52.42917436032709,12.3394007426354,71,0.41405753175283605,86.08045370614613,17.311136431927057,the_carpenters,superstar
85.00004250002125,58.922547332185886,13.562387323333432,58,0.616370637783276,71.86775674125072,14.945345093251325,the_carpenters,goodbye_to_love
61.411765140200046,55.34241842610365,13.333987611706494,72,0.5919585343050227,74.52437619961613,12.028014869605292,the_carpenters,rainy_days_and_mondays
85.57654647943653,58.24884792626728,11.9953707555733,66,0.598127958736559,86.03809523809524,14.200644445995133,the_carpenters,close_to_you
68.50004043555953,61.266446159500184,16.229267740663737,67,0.5879473189452409,90.3763322307975,10.725437264481206,all_4_one,i_swear
68.50004043555953,61.266446159500184,16.229267740663737,67,0.5879473189452409,90.3763322307975,10.725437264481206,all_4_one,i_swear
135.000135000135,60.3775082359988,14.32627598325973,62,0.23320713371331242,119.95941898772088,42.14915457519008,1910_fruitgum_company,simon_says
91.46153549040001,59.16560734463277,14.46934869330799,55,0.634034440764404,52.57521186440678,10.861445349213584,dan_fogelberg,same_old_lang_syne
115.00002875000717,57.72365186035076,14.646599527909343,73,0.22114615737993776,82.96951319455827,34.392057812494485,chuck_mangione,feels_so_good
120.18750484275179,53.10056050115397,12.999966129545115,57,0.14439176487800848,89.5568743818002,19.647317267493044,gene_vincent,be_bop_a_lula
125.0,53.398667189337516,12.912872634772922,46,0.39427048216385724,92.35456683653469,29.525462962962962,beau_brummels,laugh_laugh
128.0,51.10448625180897,13.575530046852489,47,0.2992294907742402,96.12127351664255,19.8263890834711,fabulous_thunderbirds,wrap_it_up
100.0,52.638155136268345,11.997217145571186,58,0.5923102725366877,106.61761006289308,15.0,bob_wills,faded_love
224.99971875035163,56.828986007946106,13.396530904465168,63,0.20719666597426148,105.2122991881154,50.17424390777294,bob_wills,san_antonio_rose
120.0,48.620147255689425,10.375091605137557,46,0.3906380731258318,106.79317269076306,13.835334973231081,falco,der_kommissar
88.00002346667293,57.24956792257173,13.731862775750814,43,0.13986539022352815,94.74524714828897,18.609946483120233,falco,rock_me_amadeus
122.00180562672327,58.759777571825765,16.7268004123858,79,0.2778870071767841,99.4079703429101,24.927382358006398,frankie_goes_to_hollywood,relax
130.00013000013,57.36248604391515,17.833753833866055,69,0.26713207949385936,103.04019352437663,16.342004646098214,eiffel_65,blue_da_ba_dee
109.99990833340973,48.97478359051562,14.789035987342558,77,0.6084276463116296,102.16296575084682,10.531294710093492,eiffel_65,your_clown
180.00018000018,56.71876923076923,15.137329863892244,79,0.43526908040000006,97.77374358974359,14.185271217278975,eiffel_65,too_much_of_heaven
129.00007740004645,45.36789924973205,17.569658288407723,74,0.33577171043229725,107.28938906752411,13.645926554902873,eiffel_65,another_race
126.00012600012599,50.42589027911453,14.947664347422535,69,0.35022766205486044,94.84913378248315,16.102599128429386,eiffel_65,dub_in_life
115.0000287500072,58.53342803030303,14.425586879195395,69,0.2884649105912643,107.38607954545455,35.067869003756165,gloria_gaynor,i_will_survive
134.00005806669182,54.129713659834145,16.803611589281505,76,0.2332424251486464,102.79392896260366,27.45266203389459,gloria_gaynor,never_can_say_goodbye
97.9999836666694,49.55174563591022,14.190121276456232,65,0.35150729177706747,88.41115960099751,15.73591679172498,dusty_springfield,son_of_a_preacher_man
132.000132000132,55.318391866913124,12.350111092387575,67,0.2592326953125002,84.49191312384472,27.360127931830167,dusty_springfield,i_only_want_to_be_with_you
67.00002903334591,59.4620979020979,15.220951830282687,71,0.6307929632703962,87.0834965034965,22.435321746325876,all_saints,never_ever
89.9999550000225,50.89221710189452,15.213109993297772,53,0.29042335451922274,117.95289298515105,16.587935554091676,all_saints,bootie_call
115.0000287500072,57.83756692106162,13.526424550305105,62,0.20147629882389798,83.07643239548923,35.642903879834535,all_saints,lady_marmelade
135.000135000135,56.757283504118945,13.159939442214764,50,0.23251377637130777,100.62266425557564,30.102852683497844,the_coasters,charlie_brown
195.000195000195,54.30400981996727,12.631033676805094,60,0.15325638289689045,91.42635024549918,27.968337827492757,the_coasters,yakety_yak
120.0,54.953849776312694,12.868088368938738,91,0.34451426497135273,91.62679538497763,14.543379158313774,corey_hart,sunglasses_at_night
128.0,52.02215288611544,18.566576474400065,89,0.2687205964801092,119.71294851794072,26.323485179644923,fatboy_slim,going_out_of_my_head
125.0,55.14362734526634,15.731288587625013,69,0.30474822083243475,106.23657537200776,26.769426163260594,fatboy_slim,right_here_right_now
199.3335957506857,43.97079221125634,11.069162306170453,74,0.20381699561744232,120.24619898639638,25.501128277936846,fatboy_slim,rockafella_skank
89.47506895756953,53.94471853257432,11.314797742080016,55,0.2084836558942125,100.56116382036686,23.88716940781372,fatboy_slim,praise_you
89.00004005001804,57.16558018252933,14.949021208548604,52,0.3898523068774445,102.85006518904824,14.222390669885037,blaque,bring_it_all_to_me
70.22222004445103,57.19506726457399,12.691701543713444,72,0.8645721087482866,79.41330343796712,13.259110595038788,barry_manilow,even_now
178.0000425333645,58.13951133054817,13.9030346969009,77,0.28818554766426124,90.42321812887707,32.470486876924575,barry_manilow,copacabana
104.00001386666852,57.544068426924504,13.07865935659271,72,0.8206366729143424,72.82075120862774,11.23116615612336,barry_manilow,mandy
125.0,66.0269620928991,11.364821905469402,55,0.37472570742124933,68.85718099305926,21.92181647940075,ben_e_king,stand_by_me
103.0000480666891,57.886206446561395,15.974225504460705,66,0.1869300169483231,86.33811823045805,35.94213881307098,billy_preston,will_it_go_round_in_circles
99.99999999999999,64.41671865252651,14.194105599658032,45,0.4148471615720524,100.0,13.648361004682844,blackstreet,take_me_there
89.00004005001804,48.61996161228407,9.815011848189501,40,0.15908216816368745,101.84452975047985,10.178410397269177,blackstreet,no_diggity
96.99995311668933,53.71838814265864,12.647550277343903,63,0.438745896631832,87.73853635942567,17.447364647034192,berlin,take_my_breath_away
160.0,46.25,15.599171722108888,68,0.3751728322246287,110.0,12.902396806337425,berlin,the_metro
70.00027358175056,52.37395937395937,12.200443859848049,67,0.7504942400845664,97.27405927405927,9.821612529749155,eric_carmen,all_by_myself
120.0,46.5843897588864,13.715053207459121,62,0.4523029041345594,92.86477752920706,19.225327923936582,eric_carmen,hungry_eyes
83.99998600000234,58.76061997703789,12.603208331040374,62,0.22210883174153281,89.32870264064294,38.791370249629466,enrique_iglesias,bailamos
113.99995440001827,54.87419814682823,13.890630119348632,60,0.8071288444404846,99.51781895937278,11.49090710706413,enrique_iglesias,experiencia_religiosa
122.00006913337249,56.586060708835,13.544921926186174,53,0.3336099822833645,96.14057995590979,27.970293488567297,enrique_iglesias,be_with_you
72.00002880001152,54.30120481927711,17.414459157763712,66,0.24108653269054495,84.41225772655841,12.665105273367612,donny_osmond,puppy_love
145.99999386666747,46.92324324324324,15.11725523028534,60,0.29710822116554053,96.03567567567568,12.639988815591304,alannah_myles,black_velvet
83.99996640001345,54.00744476464938,12.272803367631674,68,0.5367937625880564,77.46613832853026,17.66433230678144,barbra_streisand,woman_in_love
66.16670367224957,54.24096754439682,13.27491312960114,67,0.5518661518613492,84.96509491733006,22.190481770612646,barbra_streisand,the_way_we_were
183.99997546666992,56.456976493422474,13.890035081896986,66,0.1737733000260586,85.42937243907699,40.34318275259523,cherry_poppin_daddies,zoot_suit_riot
130.0144966163727,49.310511089681775,14.75198417359432,67,0.5574817845949855,57.072324011571844,10.165883731662845,faithless,god_is_a_dj
88.00002346667293,45.98208092485549,10.4060651271665,56,0.3704429516618496,86.39942196531791,19.4307645944281,billie_myers,kiss_the_rain
89.00004005001801,59.40154744986578,13.147404083854886,50,0.396980502186957,85.33285962419075,24.69493750599212,anita_baker,sweet_love
100.0,45.345988977342316,10.172813256600408,50,0.2841181873851806,113.2006531945295,15.522321852919742,buddy_guy,midnight_train
72.99998296667064,56.90414507772021,14.605058629389303,68,0.606930489169545,109.53929188255613,10.947870268135027,debbie_gibson,lost_in_your_eyes
80.0,56.6983780411728,16.36364795171076,57,0.5040012866500312,98.39800374298191,12.426732883142053,debbie_gibson,foolish_beat
160.0,58.9541057367829,14.624867780893515,56,0.13489955357143024,73.13070866141732,51.978805042938056,canned_heat,going_up_the_country
96.99995311668933,63.72860747877954,14.078418519426116,73,0.7484902736244934,105.6863959623767,18.353177423755135,britney_spears,sometimes
190.0002850004275,66.73890404165634,16.366888749800378,67,0.35520389905157435,99.9008182494421,19.800288098364966,britney_spears,baby_one_more_time
100.0,53.40127195639007,13.241219559173116,61,0.31939430648092076,106.54209569957601,17.0118495620814,britney_spears,lucky
113.00009605008167,53.96859039836568,15.597932216574074,65,0.24384849150919308,77.63815117466802,20.373313818237555,britney_spears,stronger
92.00012880018032,54.48782627769248,12.50102934439942,36,0.3243385862373877,69.95613073042334,23.07167255200039,britney_spears,soda_pop
88.00002346667293,52.11815616180621,12.913139136459089,51,0.6089549817152712,93.38795860771401,22.58371959756484,britney_spears,born_to_make_you_happy
76.00006586672374,60.075404530744336,7.100650199143341,41,0.8000147426948493,78.12912621359223,10.361359079116541,britney_spears,from_the_bottom_of_my_broken_heart
120.0,51.93377965361665,11.268535691457885,56,0.4024932688109446,92.23781109008878,29.80237654181539,britney_spears,don't_let_me_be_the_last_to_know
122.00006913337249,57.477943579130816,11.510591361546734,59,0.24682721294997848,83.55397015575646,44.2490855915061,andy_kim,rock_me_gently
108.99994368336242,57.86817767357041,8.22386557922822,65,0.31043595514632455,87.9558421258304,43.51495411633767,andy_kim,baby_i_love_you
101.00006901671382,51.83243727598566,14.008857469760798,54,0.41097287293533474,80.00591397849462,16.307420774550252,george_michael,father_figure
89.9999550000225,55.95779934090077,11.826338397321775,60,0.24968684928292428,123.21191871109484,26.95101381379256,george_michael,freedom
45.73833511870216,55.032130281690144,14.386770357066604,57,0.8357833016028464,80.91593309859155,6.4657608202951,george_michael,one_more_try
120.0,53.64376513317191,12.47663326347804,49,0.2749079398708633,89.81204600484261,23.94889838570846,george_michael,faith
117.99990166674861,55.207194069753314,15.514608947376647,68,0.17606515863612424,117.41062097460201,33.01726281696983,the_doors,roadhouse_blues
89.9999550000225,56.63636363636363,10.150890491373183,38,0.4670024630033446,73.43980343980344,9.268720061996243,fiona_apple,criminal
114.30008343906091,57.43035311795642,12.164002444615136,49,0.5112665551859504,105.75702479338842,28.234420622262444,carly_simon,no_secrets
128.83342954175473,58.51018675721562,13.996045335184666,57,0.3138707771844937,99.8786078098472,25.27723264682459,carly_simon,attitude_dancing
106.99993331115468,60.71311100959342,13.464771111479196,48,0.4034521628883051,85.92576518958428,25.27984660389256,carly_simon,half_a_chance
63.88893193152113,55.00769888793841,12.261163301271012,55,0.7479571367194182,92.4311377245509,11.225861856874388,carly_simon,nobody_does_it_better
110.99990565008021,56.57258808337945,12.973762680668171,91,0.21325743409426312,100.86570743405275,24.50791115076203,carly_simon,mockingbird
113.99989710009345,54.31172379533035,11.797574273022672,50,0.4586217383439931,86.56284153005464,28.718762557973143,frankie_avalon,venus
210.00021000021,53.12324679200239,11.835754255847213,50,0.17553626703222927,122.5616233960012,43.27797565908911,bo_diddley,bo_diddley
114.00017100025649,53.45892857142857,12.372280029879501,52,0.2434937868055555,93.99732142857142,29.54705039520677,badfinger,come_and_get_it
120.0,54.35315832649713,11.873667287262164,57,0.4563935602953255,119.27481542247745,14.336257166658498,badfinger,no_matter_what
80.0,53.63126697950111,9.531770608142656,50,0.634410656952334,83.7683378612003,18.568425879925098,badfinger,day_after_day
122.5000793750686,50.37990147783251,9.692997319437799,53,0.4953679200886701,92.71330049261084,24.29036638984754,badfinger,baby_blue
137.00006393336315,54.24466257668712,11.676635697201652,55,0.6082035583640081,104.36932515337423,16.997591232241593,faith_hill,breathe
110.00011000011,54.51908931698774,14.816433220965225,56,0.6664079468695272,83.34115586690018,15.259976387284453,atlanta_rhythm_section,imaginary_lover
51.500021048624355,60.64584495259342,14.902698197901783,79,0.5780216540931751,115.55577244841048,15.91313881075027,billy_ocean,suddenly
107.9999136000691,44.906786941580755,10.534568622777497,58,0.2712501772265179,105.39411512027492,17.576706347600712,billy_ocean,loverboy
120.0,49.60828473758295,13.162115738116025,51,0.2890345364970827,58.44379650110597,23.4517856265658,depeche_mode,enjoy_the_silence
120.0,53.21900709219858,15.849065807087701,82,0.3085319148936169,94.08936170212766,15.326086956521738,depeche_mode,people_are_people
108.000108000108,53.76446511627907,14.639543853849515,46,0.3124749243895353,89.57953488372092,24.68180300286808,depeche_mode,everything_counts
120.0,49.60828473758295,13.162115738116025,51,0.2890345364970827,58.44379650110597,23.4517856265658,depeche_mode,enjoy_the_silence
126.00012600012602,48.791258477769404,12.57669299460271,52,0.23585594409382057,87.39638281838734,18.37428518442278,depeche_mode,master_and_servant
175.00007291669706,49.284140969163,10.329174265262163,53,0.37548875166460166,90.81773127753304,20.2549478914418,38_special,fantasy_girl
120.0,52.227766227766224,10.245602840718751,43,0.24162624162624077,86.1975051975052,23.034253408713003,38_special,caught_up_in_you
120.0,52.41999371266897,14.447412345577385,56,0.3607667269202493,113.72115686890915,18.177413354365395,cher,shoop_shoop_song
130.00013000013,56.34785591766724,18.033742664146768,77,0.3320606258490565,87.66603773584906,23.54826030451322,cher,believe
120.0,63.079271873165006,12.703916251962992,57,0.6392151105891587,77.12800939518496,5.913279995370304,bad_english,when_i_see_you_smile
55.99997760000896,56.67835671342685,12.905768874635134,55,0.5314500169505679,85.11022044088176,15.538826036554852,aretha_franklin,you_make_me_feel_like_a_natural_woman
116.00008506672903,54.46343056160209,13.850799884915302,72,0.2931689111558557,98.83979103178058,29.557768115509695,aretha_franklin,respect
129.00423778921137,61.547180043383946,15.468641371266669,68,0.21123188201129042,78.71366594360087,57.207245056669926,aretha_franklin,think
112.00005973336519,56.13826458036984,13.05037622467923,67,0.2946546068723331,75.499573257468,29.961154704994208,abba,knowing_me_knowing_you
103.99995656252995,59.96729082721024,11.745831676653937,64,0.217847316918257,64.07691396065418,33.10003852091515,abba,fernando
100.39992637338733,60.62098423775719,13.320725049347889,69,0.25711530287420264,66.68439417639273,35.11977011555321,abba,dancing_queen
149.00020860029207,52.926372155287815,13.115997286928303,57,0.24129388456604195,86.45024542614904,27.82941257753391,abba,waterloo
120.0,57.22429513255716,14.286560627803155,65,0.2660529761069784,72.34478889044748,28.06877091672682,abba,super_trouper
110.00011000011,52.92882147024504,11.184182973561224,45,0.19516329799445753,90.50431738623104,39.23016823557814,abba,take_a_chance_on_me
98.2352765196247,61.77630048196776,14.71083474431833,68,0.18807062228546723,68.53215888316437,32.2434130577458,abba,money_money_money
120.0,56.662319099517596,12.128236427081035,57,0.25795347954261355,71.2294086117563,27.432072292847298,abba,sos
88.11109144520039,58.22429022082019,11.185354463076607,64,0.26585410855349645,62.87429022082019,27.353286889544673,abba,thank_you_for_the_music
122.99996925000768,53.63032174195645,10.667333418850411,65,0.4405201565800702,70.74845628859279,21.26838468009405,abba,the_winner_takes_it_all
113.00009605008167,52.630386421685756,12.869279310120998,55,0.2684585583335052,108.72390211749196,33.109594200249646,chic,good_times
120.0,57.30393461319141,10.908625066731068,71,0.25317588544636044,82.8507888234176,17.88790309727461,chic,le_freak
99.99999999999999,58.09779065555958,12.486234311184996,53,0.21816484063745029,83.29717493661717,32.46564268391269,fats_domino,blueberry_hill
64.99999639333838,52.77987247019684,14.41483328237719,96,0.546448092858793,93.30856667590795,14.341409150136842,911,the_day_we_find_love
113.99995440001824,56.03393565447334,15.251763864997912,79,0.30529488447553993,103.73659468194505,27.63524535615827,chicago,saturday_in_the_park
140.00014000014,53.521767213538304,14.898665514309942,63,0.2197924657222905,92.77599793308359,38.26769363492527,chicago,25_or_6_to_4
69.00001725000433,54.13341750841751,9.861108407664268,46,0.7400329970538718,95.10942760942761,17.628391503872074,chicago,wishing_you_were_here
138.00019320027047,50.852062588904694,10.580357986374466,51,0.705599492502371,78.48079658605974,8.932647598070105,chicago,color_my_world
115.00002875000717,55.50516693163752,13.465384768929312,54,0.21360055488076315,109.00659777424484,46.368601335740074,chicago,beginnings
57.937504160419735,64.04389942291839,17.7864591908797,66,0.30191537302272264,78.83161582852432,30.19098786958824,connie_francis,where_the_boys_are
159.00002790014588,54.14701093277506,12.111207287509954,60,0.1655355210732146,104.49569667364503,30.097234993222358,connie_francis,stupid_cupid
83.79999476667183,58.613705972434914,14.834426008265762,56,0.5131986558312593,83.45176110260337,17.828444748227696,bobby_vinton,sealed_with_a_kiss
80.0,63.22134670487106,16.972728079861497,60,0.4406302232569245,126.45033428844317,30.351262597667308,bobby_vinton,blue_velvet
130.00013000013,53.3306050862321,13.76780647284819,46,0.5043493258842441,115.28003507746273,19.506576811721775,the_fifth_dimension,up_up_and_away
119.3332919333706,58.87879512311738,13.324249776730362,86,0.11315335268879323,92.2114112678301,51.24913955175505,darude,sandstorm
102.0000510000255,53.807290556384565,13.957497002993332,62,0.5933605820986997,75.81730974205927,18.340997647056643,dionne_warwick,heartbreaker
138.00019320027047,56.77459379615953,18.775837068603003,60,0.31554608703840464,81.16691285081241,17.999880701603086,dionne_warwick,i_say_a_little_prayer
120.0,49.78553861288736,12.593115938028879,44,0.28880759140842793,87.7924249877029,15.401515151515152,dionne_warwick,do_you_know_the_way_to_san_jose
99.99999999999999,54.30905233380481,13.566952321099071,64,0.41468131188118795,100.41018387553041,16.645697678696244,dionne_warwick,walk_on_by
240.0,49.82531824611033,12.642917643092728,45,0.5702768937608045,81.41937765205093,15.542019693153195,chris_isaak,wicked_game
190.0002850004275,59.34984412885348,15.073950690217355,70,0.3624668692024591,98.59490820921371,26.27535226854604,al_stewart,on_the_border
100.0,58.00063357972545,14.947532300666348,61,0.4547138331573388,104.89398099260823,20.12923521659652,al_stewart,time_passages
113.00009605008164,54.40297373561971,12.166259956290324,62,0.3585243095866344,79.22075103103973,23.705000512390054,al_stewart,year_of_the_cat
58.44218732701579,61.59146201514804,15.6829881445416,72,0.5044124878031522,68.03259123249943,18.491161745991597,the_flamingos,i_only_have_eyes_for_you
75.0,59.231862923806055,10.951231420468941,49,0.5980143395309273,81.76376230404667,10.53379416282642,the_corrs,closer
93.99998120000376,55.712812637121544,14.77307561062914,60,0.31423012829091707,70.13119789381308,18.583904329196145,the_corrs,the_right_time
87.00002175000542,57.65461968849236,11.66766707909424,60,0.35166530122486034,74.31286859216695,28.200433489340774,the_corrs,remember
89.9999550000225,58.32138857782755,13.65429685058684,62,0.41583447443449084,77.61724524076148,17.86793237328148,the_corrs,intimacy
108.99994368336242,51.286667779075586,8.666653342136721,44,0.33384455056037604,80.48856999833139,25.970526875298816,the_corrs,so_young
125.0,56.88218997361478,17.95959183109782,67,0.2649564643799472,79.49577836411609,31.870164816683484,the_corrs,dreams
100.0,58.11801830230357,12.32443589580757,64,0.19766803408015124,72.76901230672136,42.43864876627942,the_corrs,i_know_my_love
106.99993580003851,55.14693426624931,13.099457699426466,62,0.35905355580924325,82.93647578714786,21.020678290107043,the_corrs,i_never_loved_you_anyway
112.34167065303056,57.1837140019861,12.247408696178711,58,0.3649437556778477,79.40218470705065,32.26708076044252,the_corrs,radio
82.9999502000299,56.12611012433393,11.14229346663316,62,0.36593251000000004,74.37673179396093,21.63378331602631,the_corrs,love_to_love_you
89.99995500002248,52.141550905574114,14.838756180589739,67,0.4761385554792363,58.307895199577985,21.957517978769967,the_corrs,forgiven_not_forgotten
150.6667773446123,57.016691505216095,12.243238533942673,53,0.40492100979756585,80.95901639344262,22.47507495284049,the_corrs,queen_of_hollywood
106.99993580003851,53.82483797512699,12.26616162303993,67,0.2653575306708705,83.80259239796813,25.709706796398144,the_corrs,someday
100.0,54.01191596111634,13.031928218291307,65,0.6441956726246473,84.27688930699279,15.272988505747126,the_corrs,love_gives_love_takes
120.0,53.121318681318684,14.181143896636955,60,0.4186016483516492,70.99384615384615,21.065221165531742,the_corrs,leave_me_alone
94.99999208333399,54.826031746031745,15.719586394758375,67,0.4570170249964726,95.80190476190477,25.106267833422066,the_corrs,only_when_i_sleep
101.00006901671382,57.69096140014385,10.48201356162594,45,0.4964022140174218,57.368257012706785,15.957245752602779,the_corrs,runaway
130.00013000013,56.36494252873563,11.153882704284348,66,1.1274256125,72.36986863711002,9.492815248210933,the_corrs,no_frontiers
78.00007800007802,53.71543044996918,14.50643262353315,55,0.39737055127324344,98.77583727141976,19.78186638665388,the_corrs,what_can_i_do
103.0000480666891,48.7194589877836,11.664384196994257,50,0.2895093872527632,75.94873472949389,18.048632275906076,the_corrs,secret_life
119.3999911575398,55.86954813359529,12.946720044617285,58,0.37543635066633935,86.02593320235756,21.164313621581524,the_corrs,rainy_day
106.99993580003851,56.0576634109692,13.076720511417994,62,0.37416552779864753,75.28606311044328,20.31987366504031,the_corrs,heaven_knows
109.99990833340973,55.696387139542594,16.986033087793118,79,0.38347653012788635,97.57010275107723,30.5603134068693,the_corrs,no_good_for_me
123.00001556512605,60.91968609116714,10.426746508219978,65,0.3786707137585572,78.31307396894306,22.21938945720996,the_corrs,at_your_side
117.00011700011702,56.349873234335384,14.24239152003397,46,0.38612798306772894,110.31673306772909,27.735072488125788,classics_iv,stormy
82.9999502000299,54.54321728691477,9.66009109466304,45,0.6532629017807121,112.42456982793117,19.116762723490755,bob_welch,sentimental_lady
127.00025400050801,52.14311350381337,15.731602966457363,59,0.38045523609241805,72.23441004934948,27.36428865801183,bob_welch,precious_love
120.0,53.96331096196868,13.35763431175814,48,0.2743586875466077,93.85413870246084,16.927009372337405,christmas_carols,rockin_around_the_christmas_tree
60.0,66.89684210526316,9.829059521659863,41,0.7616140350877187,125.00842105263158,9.595959595959595,christmas_carols,what_child_is_this
130.00013000013,60.9937547312642,15.10499961038646,62,0.21736725264359388,80.14439818319455,22.728784412960113,christmas_carols,santa_claus_is_coming_to_town
109.41589168349124,65.34788972920225,14.86607620797964,77,0.16738678999756035,68.44181507684802,32.67374505375153,christmas_carols,sleigh_ride
81.10714356786916,58.18798798798799,11.982974903729009,59,1.0434479432732733,96.96156156156157,7.819781999535042,christmas_carols,white_christmas
135.000135000135,54.377965328467155,11.725229281320168,64,0.29753281952554755,110.88708941605839,32.66318561994491,christmas_carols,i_saw_mommy_kissing_santa_claus
120.0,56.645161290322584,12.52958951917743,63,0.36251234364713636,123.52205398288348,28.39252336448598,christmas_carols,winter_wonderland
110.00011000011,60.63984795692113,11.746039130853747,72,0.599981942419623,72.93189737092176,20.652030538852443,christmas_carols,do_you_hear_what_i_hear
65.000065000065,64.96182495344506,9.420718619822228,44,0.8249347143854746,100.0,6.926031605141174,christmas_carols,o_holy_night
160.0,56.12570553907969,16.606857002594026,71,0.26871023868746446,95.15115277910648,52.31731731731731,christmas_carols,joy_to_the_world
120.0,58.6736,15.936203532836798,64,0.21189499999999753,95.20192,50.403225806451616,christmas_carols,jingle_bells
80.0,57.62473891854258,14.547735964156855,65,0.5712969946623381,109.75841262473892,18.764356866800934,christmas_carols,have_yourself_a_merry_little_christmas
75.99999386666748,57.0452203777905,16.702666421638572,74,0.6348467758872353,98.67658843732112,14.523601085371736,christmas_carols,the_first_noel
109.09101245466381,56.266839378238345,13.572997206800057,60,0.41906250135176215,92.64601978332549,19.58917870890626,christmas_carols,o_come_all_ye_faithful
150.0,56.860638089645725,13.555196414567657,67,0.4096525738892151,82.48835388530046,39.9140625,christmas_carols,frosty_the_snowman
84.46950563741166,61.67082683307332,9.504374923480336,49,0.7185641266380658,92.08268330733229,6.5378967308993525,christmas_carols,angels_we_have_heard_on_high
135.000135000135,53.47625286603341,12.481568833338422,72,0.33488338604651163,77.80805764821487,26.01991238354875,christmas_carols,let_it_snow
124.00001125712956,55.90306486101212,13.510557019503722,68,0.30999932369327626,115.30648610121169,32.9900464957893,christmas_carols,holly_jolly_christmas
135.000135000135,57.38784067085954,11.944922181299953,55,0.3065426445143256,121.19601677148847,25.352387557111967,christmas_carols,rudolph_the_red_nosed_reindeer
100.0,69.4004329004329,8.797659720142281,35,0.9107756132756125,126.72077922077922,7.21875,christmas_carols,little_drummer_boy
130.00002657780513,77.47222222222223,14.102066373908091,52,0.5904598843171294,101.35119047619048,5.873748716818627,christmas_carols,we_three_kings
89.99995500002248,55.18927087268606,13.140333708215833,62,0.7052379381453848,88.2478277295051,21.28299558424832,christmas_carols,silver_bells
105.99995053335641,54.309798270893374,21.208019844459645,77,0.4000750789722924,104.41444524495677,32.74398444128079,christmas_carols,deck_the_halls
110.00011000011,50.25587144622991,13.362726724965947,65,0.4124300572852287,109.16841779975279,16.594888389760182,frankie_valli,grease
170.0000850000425,47.93965725319816,10.520360755258439,46,0.47588289590574456,123.72314747767318,13.40012085531157,everlast,what_its_like
85.00004250002125,55.850819672131145,13.367897966750384,44,0.607521393442623,100.0,6.751305458986063,98_degrees,i_do_cherish_you
120.0,61.194670280036135,12.483902862193213,41,0.42856067449562707,79.06955736224029,10.018099547511312,98_degrees,the_hardest_thing
187.99996240000752,56.66119746689695,15.114971298205562,73,0.22242054816493945,107.11024755325273,27.213278029047224,busta_rhymes,put_your_hands_where_my_eyes_could_see
133.00024161710562,46.84292682926829,11.61601268866662,46,0.345191621815718,115.21723577235772,17.72760047562201,the_babys,midnight_rendezvous
145.00003625000906,53.277364505844844,14.432281970413124,64,0.43063128227948994,86.8451115834219,20.86514905648606,arlo_guthrie,city_of_new_orleans
126.00012600012602,62.92292233124483,15.889289755891566,65,0.14648138816645004,72.47204161248375,39.08721504815846,freddie_mercury,living_on_my_own
120.0,52.22273567467653,14.849978498330067,89,0.32507958513041696,98.08317929759704,13.904135107700203,cliff_richard,devil_woman
120.0,51.442845723421264,12.332965950495073,58,0.31461913802291264,110.31814548361311,16.109321685767224,firefall,you_are_the_woman
122.00012400024801,52.20997506234414,12.85834195589539,43,0.6587580346009977,65.00498753117208,13.259052659534508,firefall,just_remember_i_love_you
118.09106491385101,50.390677706225084,14.011815190025612,70,0.3194910173183071,96.80926096289481,20.958279238510713,asia,only_time_will_tell
132.0000778611877,53.525625978090765,11.784885971550809,58,0.4512724588223786,82.64475743348983,22.035337971536993,asia,heat_of_the_moment
55.43477786594458,52.100628930817614,10.710769210345616,57,0.7034094016437966,100.08261863922242,12.2039897536244,bette_midler,from_a_distance
60.53999258633631,50.50346687211094,13.455327113610602,55,0.7035619216390606,74.95762711864407,11.829954254793865,bette_midler,the_rose
101.00006901671382,52.681236127710434,15.722516301177041,99,0.2349552199092254,77.81782482499572,21.261070829726414,faith_evans,love_like_this
80.0,56.95634848759283,11.111906115657474,43,0.3731853378011292,64.09001992392683,24.800247059153822,eddy_arnold,welcome_to_my_world
99.99999999999999,56.728191179327766,14.555887348786584,65,0.1852353312609287,94.12725859724111,20.62150995367472,dmx,party_up
80.8130303392334,55.52005730659026,12.72624587591082,50,0.7569039038283986,64.79465138490926,11.557050097460841,america,daisy_jane
157.00024858372694,54.314275440489034,14.338629804203629,55,0.5071298745018278,92.40704782452356,18.012280994692436,america,tin_man
75.88889378889348,55.92707509881423,11.39171471606561,48,0.30907217636363643,70.04288537549407,18.930226550568015,america,sandman
96.0294144157085,51.74469980402637,10.326706220328825,51,0.3044850997891799,65.06253340459648,29.157520695777546,america,sister_golden_hair
156.99983776683433,58.411483253588514,12.554263123497737,44,0.4374054269781144,83.1451355661882,15.788115201251825,america,lonely_people
125.000065000065,61.50753150937596,9.690540125840865,45,0.262623587549954,63.67230249000922,30.886983596833264,america,ventura_highway
76.50499261373032,56.00899604174163,11.903304416294343,53,0.645280817857143,66.6718243972652,14.250098618348472,america,i_need_you
107.33341424454773,58.51414925373135,12.907496714716215,55,0.36666681279602015,104.51605970149254,31.855401222331622,cranberries,linger
165.000165000165,47.305565157276185,10.101795749245642,46,0.2750864022640858,93.517283097131,18.66271048169201,cranberries,zombie
159.0002067002687,61.59086395233366,9.816915662087846,70,0.4158717651750247,81.06752730883814,18.312255749662103,cranberries,cordell
175.00007291669706,46.46586899831262,8.712923823155423,43,0.20883606226287252,119.89262156772512,31.274021261746125,eve_6,inside_out
56.733330386115334,57.51741071428572,12.071130720318957,64,0.7723897409877232,94.384375,12.758789601711214,debby_boone,you_light_up_my_life
136.0001450668214,49.703244436894856,13.970537126335218,47,0.13564269746899957,104.46509257686428,27.456545062015692,alice_deejay,better_off_alone
114.09989445759763,57.176793794440854,13.595936189332306,67,0.3415125696913365,86.91919844861022,12.957426076410611,enya,orinoco_flow
201.00031155048293,54.28315073668304,10.912361303196748,38,0.14650468695693242,127.0,53.35417415504696,blink_182,josie
234.00023400023397,52.67704087933803,9.685294164118446,40,0.2055018718738422,72.69383722366308,54.06766362017926,blink_182,dammit
190.0002850004275,47.1605681271064,9.844333670017948,41,0.19311097911651415,101.7217140105922,27.122377453325633,blink_182,dumpweed
73.00007178340392,52.59635722679201,12.532160682023296,56,0.401519070587911,93.22267920094006,15.502304010649633,bread,guitar_man
103.20001345444034,54.59409594095941,11.791349504294917,60,0.47022030260904524,57.52114674992904,22.158271822830855,bread,sweet_surrender
80.65148343965026,61.44036009002251,8.629600162818097,40,1.0282079231932983,53.80945236309077,6.667779007769998,bread,diary
64.28515590708264,60.37824183226676,13.532494411318856,60,0.568405833863815,59.098686426406196,14.84911683844817,bread,everything_i_own
128.93331301156198,54.59356088114258,12.120197953467452,61,0.4943901665093199,58.88913096102639,20.238057713115357,bread,make_it_with_you
76.28000317467757,59.18881118881119,8.616463014879802,53,1.1245827860033892,84.84806102987922,9.767657445411897,bread,if
118.52672605819639,63.24631268436578,13.205202882154657,57,0.5956321650934122,55.400442477876105,15.725825164750022,bread,goodbye_girl
68.13253594217345,72.16799363057325,9.425181127521297,50,1.0474071080679404,50.43232484076433,5.937182865490001,bread,aubrey
147.0000955500621,60.684856427975696,13.64735801187893,55,0.25607652849596874,108.47063028714405,42.839298678877476,the_drifters,on_broadway
122.00006913337249,49.65142323845077,12.416000792091335,48,0.3168912626380465,94.61922538497433,16.505438646011193,the_drifters,save_the_last_dance_for_me
125.0,57.876266666666666,13.140964832495706,60,0.34317973333333335,120.7224,23.81859756097561,the_drifters,up_on_the_roof
120.0,61.67245119305857,16.563870342289103,65,0.39542434924078024,72.08405639913232,19.775240733707186,the_drifters,this_magic_moment
115.00002875000717,59.801266439357036,13.987189126922985,64,0.3963329448185581,106.52971261568436,28.88012954419141,the_drifters,under_the_boardwalk
100.0,50.042321338063864,10.602406897320845,58,0.30901514191586427,96.54358844399391,14.286748732802318,donovan,mellow_yellow
128.0,46.87887458273725,14.341619093338608,67,0.3237833251371006,72.76967095851217,14.37012648062638,donovan,sunshine_superman
130.00013000013,58.062477097838034,15.638140178280503,69,0.14498991899505306,89.45364602418468,26.974887973794978,freddie_king,hideaway
77.499996041667,52.79307778191291,11.915671804562853,51,0.4110237057809206,93.95645701525865,11.377557340777672,the_buckinghams,mercy_mercy_mercy
129.00007740004645,49.68697318007663,14.236632596811603,62,0.26264129300766287,81.99386973180077,19.84031832729059,the_buckinghams,kind_of_a_drag
78.60008025009576,54.73545918367347,14.927244226491158,64,0.6920333227705145,104.4436224489796,16.59177873512012,babyface,change_the_world
88.00002346667293,57.918354818907304,7.328231156221434,38,0.4903104334561081,90.85267034990792,7.370474214103715,babyface,when_can_i_see_you_again
102.0000510000255,49.43480632842335,8.58445816568035,50,0.2572508555106609,75.46099290780141,19.975232290214773,en_vogue,free_your_mind
120.0,54.586463831108354,13.876517827666158,56,0.12857490125564425,69.98965124702474,40.96977994678091,en_vogue,my_lovin
71.00009485746168,57.72532467532468,14.203136939442636,55,0.6892684643966859,86.0,5.536375664378599,ed_sheeran,thinking_out_loud
131.000131000131,56.35270435848066,11.356686217731234,47,0.16534687165237177,61.49483633817609,38.369332000742865,bobby_darin,dream_lover
130.00013000013,59.47662185856225,16.407344203710107,65,0.2687921602863825,93.98714202220924,16.09990300331852,bobby_darin,mack_the_knife
118.00013373348487,61.79384003974168,17.184881171903562,55,0.33683139812882923,75.78589170392449,14.2353296400033,the_four_seasons,walk_like_a_man
120.0,55.452498720791404,11.57791808087506,57,0.42362271874466856,80.0,30.556351791530943,the_four_seasons,ronnie
120.0,55.88176229508197,13.96537563284451,50,0.14287739071038177,103.83913934426229,31.225754849030196,the_four_seasons,sherry
120.0,57.726573536336524,13.363244858693488,74,0.44011356799036755,73.33212996389892,30.94243976475052,the_four_seasons,rag_doll
122.20000038004,53.46642857142857,12.765926247600824,44,0.5044513137301586,71.00761904761904,25.167550405125027,the_four_seasons,dawn_go_away
62.99998296667212,62.38396299151889,13.961970223205073,75,0.931517950699531,119.80763299922899,10.247447575003287,gino_vannelli,i_just_wanna_stop
150.0,53.60633558818677,18.764585557083052,82,0.2200346477478964,94.93103448275862,26.147352981356185,glenn_frey,the_heat_is_on
120.0,54.40785136350015,15.560489470850625,51,0.40473135800618854,92.81120767156128,16.04326923076923,glenn_frey,you_belong_to_the_city
75.0,51.93875308981049,12.868883736293695,62,1.3581570996978856,97.39494644328481,13.386029411764707,glenn_frey,the_one_you_love
112.00005973336519,55.12606263982103,13.827099997490265,91,0.173180736176361,105.51879194630872,34.18287610527782,eddie_kendricks,boogie_down
117.99990166674861,48.13792441971993,14.210388099319676,64,0.39516138364025843,75.12679838864378,16.622533842856846,alan_parsons,prime_time
117.99990166674861,48.13792441971993,14.210388099319676,64,0.39516138364025843,75.12679838864378,16.622533842856846,alan_parsons,time
148.000148000148,56.61803713527851,10.350616961260187,47,0.6150076293103451,84.37665782493369,7.6956759858358925,alan_parsons,ammonia_avenue
132.9999468000213,56.734960958979435,12.534019497827819,55,0.2737322168976136,86.75629605190807,34.97432718801557,alan_parsons,games_people_play
132.000132000132,57.56988783433995,10.925371959179937,63,0.5426972505931841,99.41889559965487,21.981549943294773,alan_parsons,damned_if_i_do
112.00005973336519,51.51909506019095,9.81772170389121,52,0.3294047854378546,79.42984640929846,35.82514773745085,alan_parsons,eye_in_the_sky
135.000135000135,54.21062271062271,14.028475644782677,67,0.6940638833333331,83.79304029304029,14.2694578624693,gary_wright,dream_weaver
97.00105084471748,50.2646952758745,14.204011888220263,57,0.21770934785956872,106.42697439596105,13.182860716702939,gary_wright,love_is_alive
180.00018000018,41.902885187388456,9.688282478059897,51,0.1788235000381099,119.97471743010114,38.71788900579688,fugazi,waiting_room
109.99990833340973,57.56841074426413,14.918007333475558,69,0.4446562183361313,82.15388919977616,33.09256501545509,george_strait,i_just_want_to_dance_with_you
107.4999821356793,54.72521739130435,13.141675119738009,58,0.7751703814565221,92.06521739130434,10.622829768627586,george_strait,i_cross_my_heart
120.0,53.579858737753476,11.23963038979717,53,0.40755961874382907,87.84392800182273,25.43794827211476,george_strait,all_my_ex's_live_in_texas
128.2786909363974,53.81677087985708,13.370924978158113,69,0.43741540685760044,106.16335417597142,24.71070497765786,genesis,dance_on_a_volcano
143.99988480009216,53.66270313119303,12.566219794245432,55,0.3879652918020874,98.33729686880697,24.66474605231721,genesis,illegal_alien
61.999995866666936,51.64926774314683,12.734638439087181,63,0.18325046949868576,113.10814870446865,24.599543933092573,genesis,turn_it_on_again
104.00001386666852,52.3584487534626,15.188111031567011,58,0.5782647588238687,102.31329639889196,9.520930691104835,genesis,no_son_of_mine
75.32257132581492,67.16624212360907,8.204892773209076,96,0.5009579960386223,99.71671805872101,19.320474650400506,genesis,entangled
131.00007641671124,54.54569386987589,14.656698242877871,69,0.2523176597586225,103.30048890560361,23.550675052070833,genesis,invisible_touch
116.00008506672903,54.562359350941605,17.491345443933977,102,0.23264064692768188,90.60926211062419,29.35817500654656,genesis,land_of_confusion
110.00011000011,59.13664896185418,15.851713991772794,50,1.2360726851762431,68.74263640753259,8.326397215286104,genesis,afterglow
121.66661877224233,61.0613104524181,13.724188111227406,66,0.38056406230499235,101.15522620904837,23.171262138719783,genesis,a_trick_of_the_tail
109.99990833340973,52.1050200184786,12.812586062853052,45,0.24048302370778193,91.77486910994764,20.39745880235181,genesis,misunderstanding
104.00001386666852,59.06402818068794,12.965886696992188,64,0.537806959119008,72.57335267302113,16.085379918934134,genesis,in_too_deep
96.0,51.650802644003775,13.117492837273918,56,0.29530217186023927,95.2219074598678,20.563522724974213,genesis,jesus_he_knows_me
72.2653010813015,54.486342943854325,14.42778191111864,61,0.4641763461526303,97.5761760242792,13.263310658606313,genesis,fifth_of_fifth
126.00012600012602,46.39813907933399,12.892615948607434,58,0.28776614103819786,104.65279138099902,16.00076226941899,genesis,abacab
118.44556216314625,53.52275148379242,15.436633664864804,70,0.4012645543702126,81.89529751940344,19.958366371898162,genesis,home_by_the_sea
120.0,60.14321880650994,15.526391058314362,59,0.3609218655816764,116.72875226039783,14.252730377259207,genesis,paperlate
88.28592869439825,46.77647426873143,13.520408137928996,69,0.5285875487805672,110.9726263100266,18.374878066944085,genesis,calling_all_stations
97.9999836666694,56.19155774587529,15.258537233690921,87,0.3466234403569385,54.4222198414399,21.904826102993454,genesis,tonight_tonight_tonight
133.00024161710562,58.57947118241236,13.09436296621564,60,0.23454482741755797,102.32605466428996,33.01496608804856,aqua,my_oh_my
69.99998833333528,57.48858532934132,12.641055212715532,67,0.39633507461015466,61.606474550898206,24.744828024034643,atlantic_starr,always
89.00004005001804,54.72156573116691,16.707714770467337,67,0.49844314504862164,105.91285081240768,14.901436491564963,gladys_knight,midnight_train_to_georgia
122.99996925000768,56.253533314104416,16.44545173201404,79,0.13494836187626194,67.34237092587252,33.518639684792824,anita_ward,ring_my_bell
64.80001432667319,55.142857142857146,15.148289120072477,65,0.4579791156034923,83.24581473214286,16.521287871013886,dobie_gray,drift_away
144.6711366808278,56.88977053399099,6.890201374769451,69,0.3601972330134391,101.44477803988849,14.299419644882791,extreme,more_than_words
118.7082858049082,55.55528073212961,10.093734508033515,57,0.1887194033978483,81.14617858026219,67.41255307039033,eagle_eye_cherry,save_tonight
100.24995620420172,57.25940523109996,14.911108767516419,50,0.2776928275050758,81.39054102472232,16.055456878823463,carole_king,i_feel_the_earth_move
69.99998833333528,53.907619689817935,12.532610029790408,70,0.6569912471538545,85.31591368846932,15.412364738822095,carole_king,so_far_away
84.52941965344652,54.62468827930174,12.171725912370546,45,0.5323183062629887,72.25841645885286,12.64474839847243,carole_king,will_you_still_love_me_tomorrow
68.0000725334107,57.32390025217148,12.961844250055767,51,0.47023028476697465,110.0,11.565034971252931,bonnie_tyler,total_eclipse_of_the_heart
138.00019320027047,49.88618435880099,11.227446760597228,44,0.20553716002695155,105.75197205318909,28.50632055189816,bonnie_tyler,holding_out_for_a_hero
104.00001386666852,52.22237269772481,10.61000304827941,42,0.3233849785504695,108.86132177681473,23.88009522953792,gene_chandler,duke_of_earl
99.50007926031266,48.6488533102553,12.430360656816601,55,0.2215454134821687,70.17762873215058,22.738060655768283,brownsville_station,smokin_in_the_boys_room
95.00014250021376,51.13342281879195,13.686682782900602,67,0.1762286300402687,102.51812080536912,18.147463118630576,ace_of_base,all_that_she_wants
137.0000639333632,58.282415136338344,16.671123627520338,63,0.35187989541828973,93.86380077907624,32.04544287513878,ace_of_base,always_have_always_will
135.000135000135,57.33079567779961,15.7930689255114,56,0.18814559516208254,106.94081532416503,37.37879203226748,ace_of_base,beautiful_life
98.00014373354414,59.660537021969084,15.494128026183141,61,0.11723934997626802,69.71716842961757,32.60867432147845,ace_of_base,the_sign
96.99995311668933,53.69424203457637,16.97902052152203,75,0.1391689728376375,70.82454636376625,31.079950643259906,ace_of_base,don't_turn_around
66.50000862500217,55.86865407319953,14.682396666084996,73,0.9957730131714877,80.63341204250295,10.376725360300243,backstreet_boys,like_a_child
161.99987040010365,51.85846255361267,16.12912143841966,72,0.521169020378313,98.39623886506104,13.393659627332072,backstreet_boys,everybody
90.00009000009,57.844949494949496,11.350753089752235,62,0.5959291880208333,90.46111111111111,14.394561914440748,backstreet_boys,back_to_your_heart
165.000165000165,54.47337998174628,13.842846725309816,72,0.5383461165196228,100.0,12.46794350242626,backstreet_boys,i'll_never_break_your_heart
47.45833028472504,56.82356338434883,14.822865920397817,69,0.597253843974396,80.45278660121282,15.899011399287554,backstreet_boys,no_one_else_comes_close
85.59995975335603,55.948953974895396,12.38709972074196,74,0.39640787289260815,83.87430962343096,27.841595996774572,backstreet_boys,i_want_it_that_way
98.99993565004183,55.00164271047228,15.670385538581547,87,0.40624857883128,92.83449691991787,23.091055179276502,backstreet_boys,as_long_as_you_love_me
109.99990833340973,52.422878828950935,12.301118403124883,58,0.3871895091827053,102.0910815939279,32.866111474027456,backstreet_boys,the_one
79.96004733671029,54.71258080556937,12.120285143935607,54,0.5428488825919251,110.0,26.10141042300415,backstreet_boys,shape_of_my_heart
41.00001776667437,59.64425770308123,11.251121416661926,41,1.1769824782913163,127.0,3.157930171025404,backstreet_boys,i_need_you_tonight
86.00005160003096,53.223037417461484,14.569610864477559,70,0.5460250268525313,85.08021521154316,17.865884824088127,backstreet_boys,show_me_the_meaning
78.33337750003709,51.92290609137056,14.144112627220052,70,0.6645446329526229,76.59168781725889,14.499288062875976,backstreet_boys,my_heart_stays_with_you
99.99999999999999,56.549966688874086,16.494936991937184,49,0.4873022151898735,96.26915389740174,12.770392427948526,backstreet_boys,quit_playing_games_with_my_heart
80.0,57.56676217765043,13.533300515758887,74,0.6868276922158548,94.42884431709646,19.368713146028444,backstreet_boys,let_the_music_heal_your_soul
67.10996527059297,52.51205567984091,13.168530015682533,70,0.44348793040278817,90.08128262490679,19.73562794470727,brian_mcknight,back_at_one
65.00753003889618,50.92465490797546,12.1679784222351,76,0.3233757045628832,85.21376533742331,19.217414993893662,brian_mcknight,anytime
98.99993565004183,58.0182405165456,15.919475226797873,61,0.3300455223289953,74.0180790960452,26.898587269077456,the_eagles,the_long_run
142.0000710000355,53.918952932292974,10.209865565046867,50,0.17167877286527813,94.71218223005286,41.47671534209241,the_eagles,take_it_easy
85.00005113336485,53.56240126382306,13.590056254080272,60,0.3103271358692075,98.26046603475514,17.00988750095731,the_eagles,new_kid_in_town
102.0000510000255,55.11621591037682,10.293341788333036,57,0.5939666634569143,76.27928029874391,26.26334604009179,the_eagles,the_sad_cafe
140.00014000014,52.716710875331565,12.115420246499836,50,0.39955830323275876,78.921308576481,26.39046623113024,the_eagles,already_gone
109.00172586065946,57.23161145423919,13.302941552321585,60,0.20818180552387472,101.93585064570466,26.745279482725465,the_eagles,one_of_these_nights
109.99990833340972,53.18183902774593,12.57225666369199,50,0.3810378193552702,69.04792478789268,24.984875012604157,the_eagles,tequila_sunrise
81.03998092677729,55.20126551472378,13.060360770874544,57,0.48478005156769743,99.47943538573863,16.49471612552903,the_eagles,victim_of_love
106.99993580003851,60.74785100286533,13.76022785930442,60,0.44643467323782227,77.62120343839541,17.61461207274219,the_eagles,take_it_to_the_limit
76.00006586672374,54.86904231625835,12.22820316052026,62,0.4118126266260672,71.95133630289533,28.29521523562103,the_eagles,try_and_love_again
59.99999416666764,58.41278375149343,11.971410747500695,50,0.7263883634495718,86.75716845878136,20.31509045087717,the_eagles,desperado
204.00044880098736,54.73952954675846,8.729298810600067,48,0.4974649602696502,84.06999426276535,10.304217409552155,the_eagles,seven_bridges_road
99.99999999999999,51.35803795202291,14.005011149189723,55,0.5211309523809524,74.62477622627999,15.69817683633681,the_eagles,best_of_my_love
122.99996925000768,55.0,12.834535698921243,40,0.32102866473526304,100.0,18.713825655733817,the_eagles,lyin_eyes
143.99988480009216,56.556080790717665,12.757673886653473,96,0.3425742148349089,96.68299670534307,17.59953072834128,the_eagles,hotel_california
90.49998559169529,61.94226717235567,11.062651345137663,48,0.4630373796811349,99.5794353139486,9.959416740797451,the_eagles,love_will_keep_us_alive
109.99990833340973,55.58068880688807,14.031968281138903,65,0.2675072116287413,91.09311193111931,28.229143142380718,the_eagles,life_in_the_fast_lane
60.99997255001235,61.3834484320163,13.807331143854714,67,0.5744180063893919,80.72093286539115,19.102601640922103,the_eagles,the_last_resort
165.000165000165,53.71643900141309,11.007989567956479,46,0.17494629873999068,65.07701365991521,23.11417685881559,the_eagles,please_come_home_for_christmas
140.00014000014,55.248793809740555,11.202489508569974,60,0.31109273786982267,84.15521165225307,42.22104428006967,the_eagles,peaceful_easy_feeling
117.99990166674861,55.79716024340771,12.784785584548608,56,0.8930049212939486,77.82758620689656,7.086822174107758,the_eagles,wasted_time
64.0,61.177493884207664,14.67346028262715,63,0.5358315354036423,84.66838814895353,19.63769808173478,the_eagles,pretty_maids_all_in_a_row
115.00002875000717,55.1984649122807,14.728689550979057,58,0.3014466176843477,86.98702485380117,23.20568479100357,the_eagles,heartache_tonight
110.00011000011,54.50105540897098,12.523365979481426,55,0.4172012498647755,81.03034300791556,23.161134272245384,the_eagles,witchy_woman
115.00009950011376,55.97845705967977,13.33776206458689,53,0.4457175407569142,108.51208151382824,18.613951832609377,don_mclean,american_pie
99.99999999999999,56.58467417538214,14.464199376064334,68,0.5491489843121481,88.70997586484312,21.499087899466254,don_mclean,vincent
176.00004693334586,48.2415771357046,12.212516631111823,50,0.2094254979333994,84.41493689371023,47.831400728535115,billy_idol,dancing_with_myself
150.0,46.58398679323153,10.441208927423444,50,0.3501450938918697,90.70738753611226,24.00743110744143,billy_idol,white_wedding
113.86793193872296,54.511007208260274,18.14460513535012,72,0.17078877447399163,113.21936489382428,23.985144585988536,billy_idol,mony_mony
131.00007641671124,51.45533011994171,10.955834792560667,67,0.2543438559590199,94.87445353659903,39.78388703705467,billy_idol,catch_my_fall
167.9999328000269,49.208872201362816,14.721350412539872,67,0.2564304857478822,93.05214851898207,24.766041754099902,billy_idol,rebel_yell
91.99998773333496,52.34605717876217,13.126290526654248,63,0.28751378322991944,94.86726358781024,25.96135406722972,billy_idol,flesh_for_fantasy
85.20004260002132,48.69098232266726,14.613528421663547,55,0.33456334116506303,99.79324233609309,14.740959751432257,billy_idol,eyes_without_a_face
109.99990833340972,58.92779839208411,15.014923939756825,53,0.22340948791164197,117.61471861471861,29.943631832095917,billy_idol,hot_in_the_city
136.0001450668214,54.11195212110544,12.598471828848162,75,0.32998407753916537,105.61186410843162,37.00382909567994,gary_lewis_and_the_playboys,everybody_loves_a_clown
122.88006291459222,53.67679047814488,14.49340123845576,55,0.26101732370801684,113.84280730556125,40.445426989720225,bloodhound_gang,the_bad_touch
96.0,46.0681466910215,9.331061115395812,43,0.21862595721511288,76.29492763804974,26.35925925925926,bloodhound_gang,fire_water_burn
120.0,54.97148966500357,11.393826703393856,62,0.2674821810406254,79.89907341411262,38.948780826354515,dixie_chicks,i_can_love_you_better
123.00022140039852,52.89452503509593,10.448483733396547,72,0.25396947258617997,92.54562470753393,42.34758710047553,dixie_chicks,goodbye_earl
145.00003625000906,47.728155339805824,11.203496485045758,42,0.26123640383495145,109.75080906148867,21.225548913379505,cardigans,my_favourite_game
100.0,45.253189892419314,14.147952727585869,64,0.4045584188141104,105.27870903177383,17.717591258671515,cardigans,erase_and_rewind
98.84614090771113,47.92080441359673,15.611118545432719,65,0.152645602446313,85.2843922406122,29.86817094023261,carl_douglas,kung_fu_fighting
150.0,54.34996904024768,15.758907206586082,80,0.2994765737874095,105.28953560371517,34.806534576646214,boyzone,love_me_for_a_reason
89.29750194116991,57.28469653377175,14.730126510583212,72,0.43207190395630685,84.62131798876558,26.359010313340796,boyzone,no_matter_what
57.250037356282796,57.56962025316456,11.480996649691942,56,0.5007623940823558,82.91976917349218,26.726691546492823,boyzone,baby_can_i_hold_you_tonight
64.99999458333379,51.36244709503655,8.963578452981443,37,0.631820353359064,90.06040784917276,11.830181086980708,boyzone,you_needed_me
158.00284405119288,56.77886546184739,13.230219193862302,72,0.5204625508283135,96.89633534136546,18.096239057790626,boyzone,a_different_beat
91.33334201371561,53.51448995363215,13.687524309601876,72,0.5048236513395159,82.4969088098918,21.634502822134365,boyzone,all_that_i_need
79.06577278324151,61.91485878018829,13.547180946413715,67,0.4823580251967072,82.32118979396917,30.828511920028014,boyzone,i_love_the_way_you_love_me
115.00002875000717,52.319351100811126,12.802772858181475,65,0.37901244995944394,116.10243337195828,21.288079110093566,boyzone,picture_of_you
82.00003553334875,58.834968777876895,13.291209936402037,76,0.46728836825304737,67.54826048171276,23.346614049789242,boyzone,words
86.00005160003097,49.41149815916171,11.941767197019235,46,0.44748973697252875,104.58453695836873,15.711612065694442,bill_withers,lean_on_me
85.24757867963712,60.083925206551676,15.23496413164111,62,0.27225869604290476,99.44354254239745,18.89378543166726,bill_withers,just_the_two_of_us
120.0,55.440963855421685,15.06751301537759,80,0.31570343875501905,78.79894578313252,27.89977021555969,billy_swan,i_can_help
113.99995440001827,55.05903994393833,12.798565416627845,60,0.2538950658432608,85.55308339173091,44.22849547767573,edwin_starr,war
69.50004372087164,54.61109197382019,14.718102723124277,68,0.33175093476217155,99.11976116660925,20.367801817549893,the_fugees,no_woman_no_cry
90.00009000009,47.88247317322432,10.466164888613555,39,0.6385263018012265,107.88042922841083,8.72066476275048,the_fugees,ready_or_not
96.50002092500942,59.61690363349131,15.551402771751123,53,0.7062190870787256,106.71090047393365,6.434614869392667,the_fugees,killing_me_softly
70.00007000007,67.64017907106883,11.88278970537892,62,0.6063528191801902,110.0,6.361053907456145,allure,all_cried_out
130.00013000013,48.79396551724138,13.391156299337771,50,0.3236568381465516,69.5051724137931,18.295438374297948,gerry_and_the_pacemakers,how_do_you_do_it
194.00021986691584,49.51790550707192,12.61985791955754,41,0.15099756101414386,91.10111345170027,34.89024689606664,bad_religion,american_jesus
172.00010320006194,49.744970798183,14.842276411030905,56,0.19944541366198898,66.0921479558728,27.870889488043684,bad_religion,a_walk
82.99995020002989,53.48737430167598,10.13444854423034,45,0.239365425977654,107.51575418994413,25.561514191243234,five_man_electrical_band,signs
87.00065250489381,52.7582114269942,14.221098192014914,65,0.4303075108968161,111.72729781948661,16.825568453742637,al_wilson,show_and_tell
112.00005973336519,53.53816712736551,14.7469901569891,98,0.42805955876745333,99.95619817137997,21.517004939788254,bee_gees,night_fever
83.30769137950348,53.412057360257535,14.072597249201635,74,0.38735726271217463,81.76148668422593,23.4064493939802,bee_gees,massachusetts
89.9999550000225,56.48361934477379,15.584807895330401,52,0.5348301050528688,79.11700468018721,10.939943961127891,bee_gees,to_love_somebody
107.9999136000691,54.745978659022136,14.488803943511408,72,0.15244020736316824,106.69374104156712,26.107835933466184,bee_gees,jive_talkin'
109.49992600838607,56.769174311926605,14.319266685162617,98,0.23952241474311925,101.27119266055045,29.13663207666883,bee_gees,more_than_a_woman
113.99995440001824,51.52127139364303,12.186120968865719,60,0.3778479452883051,87.15240423797881,19.76523409811897,bee_gees,tragedy
104.00001386666852,62.6265074698506,12.711327585386568,67,0.14538673634152305,77.21137577248454,57.66721081623568,bee_gees,stayin_alive
55.66666260833592,58.79494533070443,11.219105614378504,69,0.6568952103572923,84.86735974188923,23.41044819784848,bee_gees,how_can_you_mend_a_broken_heart
68.36362640606772,56.56360078277886,11.936433314157384,70,0.6348984628180038,127.0,13.411668283598713,bee_gees,words
83.99996640001345,57.70895433408847,12.319959201293425,67,0.45223067366161923,73.04638130439966,27.69495464767599,bee_gees,too_much_heaven
104.00001386666852,55.932112767336356,12.288710413925292,63,0.4368781432426685,79.05281918340894,24.767186845832228,bee_gees,how_deep_is_your_love
69.33333684444914,56.48275862068966,12.200135195724382,58,0.5115558604301366,69.71582512315271,16.991302082015878,bee_gees,i_started_a_joke
90.28570028096621,56.57327643685825,14.555641982001134,62,0.2919995596785125,88.29630617415656,29.83648195935144,bee_gees,nights_on_broadway
96.99999183333469,57.05549374130737,14.500860163433279,70,0.4556121507012063,89.0066759388039,28.135561057741306,bee_gees,love_you_inside_out
143.99988480009216,56.9202216066482,16.872973552874058,77,0.35445550055401653,100.0,30.507017847906848,eminem,kim
60.0,49.12048929663609,21.72490310797976,91,0.17522426095820617,113.20244648318042,6.126941993910531,eminem,my_name_is
86.49995242502617,47.294200450450454,10.287581627116957,46,0.34004471131756747,123.96058558558559,12.192374246575117,eminem,the_way_i_am
107.37502862241314,57.16274658573597,16.010727408608787,70,0.28975366659948787,114.00417298937785,12.382802307551183,eminem,bad_meets_evil
105.00157502362535,50.961563100576555,14.895443709289996,87,0.1704239101537475,115.85137732222934,11.774961107175226,eminem,the_real_slim_shady
92.00055200331204,47.02193784277879,11.851051276340616,41,0.271762338893967,95.14488117001828,10.892706048876988,eminem,role_model
82.9999502000299,46.73706819402184,10.90595324637433,39,0.285624501521389,100.02649006622516,15.184044589638738,eminem,stan
100.0,41.11235614778922,11.507710999050381,84,0.23402483343428246,124.99061175045426,10.191358024691358,eminem,under_the_influence
151.000091000091,44.247210010145416,13.289654254613396,67,0.3174318792272573,127.0,14.861772199740809,eminem,guilty_conscience
64.44011740989392,46.85090909090909,9.924604369990092,43,0.4977771529772728,91.32727272727273,9.230004772405783,eminem,superman
101.00006901671382,48.54070427868232,12.142562763976466,52,0.6201826376798563,92.00605831124574,12.629790827326762,exile,kiss_you_all_over
122.99996925000767,51.99706943192065,12.498340393909594,60,0.40193420210587627,79.809738503156,27.39095700768243,bj_thomas,hooked_on_a_feeling
143.99988480009216,50.372748745202244,12.008533339177136,52,0.19586816611769264,112.89016829052258,36.289256682880364,bobby_fuller_four,i_fought_the_law
114.49999157501273,54.90159351411798,16.61330124576782,62,0.1772273695624824,122.70659770757618,29.69084098481191,animotion,obsession
111.9999261000525,50.12878093492209,12.508978979039572,72,0.5409824976313458,89.1961503208066,19.522097834085873,don_henley,end_of_the_innocence
115.00002875000717,60.52473567419397,14.695866251095493,56,0.18820616964169168,87.30452943479963,32.775863848727866,don_henley,dirty_laundry
49.29411697353118,59.275842904779545,13.420551489464222,72,0.6858481304846703,66.71711745090775,14.022744227168968,don_henley,new_york_minute
170.0000850000425,56.681576797385624,9.561265920914554,50,0.23608320928436474,93.87428513071896,69.34378223105693,bob_dylan,subterranean_homesick_blues
157.66666338335173,47.68269844647797,9.76166180290139,55,0.1955687744865928,99.9693551819536,33.79407917664361,goldfinger,mable
133.00024161710562,51.189365437672436,12.358616318783943,39,0.14667002100576865,101.93829947328818,17.272702388514663,dr_dre,forgot_about_dre
88.00002346667293,49.641969407265776,12.415504768044496,50,0.5341403331839543,100.8642447418738,12.900914442346165,the_bangles,eternal_flame
80.0,56.29925577751665,13.017890738279633,66,0.5125220329024677,85.07755581668626,13.22905027932961,billy_joel,honesty
87.33334935556682,52.04130380691714,14.289189147435197,59,0.2723554482950776,109.26474247325206,20.857616951929657,cardigans,lovefool
126.00012600012599,54.65718157181572,14.023494220751246,60,0.15541959632240845,77.50381097560975,60.69595054806681,aqua,barbie_girl
151.99993920002433,46.2779394644936,10.11739255319755,36,0.22235381458636497,127.0,42.719871669157385,blink_182,all_the_small_things
